B01003_001E,B02001_002E,B02001_003E,B03003_003E,B15003_001E,B15003_022E,B15003_023E,B15003_024E,B15003_025E,B25003_001E,B25003_003E,B19013_001E,B25064_001E,B05002_013E,B25002_001E,B25002_003E,B25003_002E,B08301_001E,B08301_019E,NAME,state,county,tract,block group,ca_id,ca_name,geoid_bg,share_white,share_black,share_hispanic,ba_plus_total,share_ba_plus,renter_share,med_income,med_rent,foreign_born_share,vacancy_rate,homeownership_rate,walk_to_work_share
889,863,0,5,614,261,153,77,15,325,13,250001.0,,,325,0,312,373,0,Block Group 1; Census Tract 8001; Cook County; Illinois,17,031,800100,1,15,Portage Park,170318001001,0.9707536557930259,0.0,0.00562429696287964,506,0.8241042345276873,0.04,250001.0,,,0.0,0.96,0.0
1478,1325,51,27,938,367,297,174,19,500,0,250001.0,,,548,48,500,535,0,Block Group 2; Census Tract 8001; Cook County; Illinois,17,031,800100,2,15,Portage Park,170318001002,0.8964817320703654,0.03450608930987822,0.018267929634641408,857,0.9136460554371002,0.0,250001.0,,,0.08759124087591241,1.0,0.0
1736,1612,36,0,1118,486,309,135,32,547,11,212574.0,,,547,0,536,571,0,Block Group 1; Census Tract 8002; Cook County; Illinois,17,031,800200,1,15,Portage Park,170318002001,0.9285714285714286,0.020737327188940093,0.0,962,0.8604651162790697,0.02010968921389397,212574.0,,,0.0,0.979890310786106,0.0
999,947,13,11,627,205,178,167,0,392,91,250001.0,1361.0,,392,0,301,450,11,Block Group 2; Census Tract 8002; Cook County; Illinois,17,031,800200,2,15,Portage Park,170318002002,0.9479479479479479,0.013013013013013013,0.011011011011011011,550,0.8771929824561403,0.23214285714285715,250001.0,1361.0,,0.0,0.7678571428571429,0.024444444444444446
916,894,22,63,550,112,93,132,0,276,0,,,,332,56,276,334,10,Block Group 3; Census Tract 8002; Cook County; Illinois,17,031,800200,3,15,Portage Park,170318002003,0.9759825327510917,0.024017467248908297,0.06877729257641921,337,0.6127272727272727,0.0,,,,0.1686746987951807,1.0,0.029940119760479042
843,816,0,0,583,190,203,117,48,338,28,171184.0,,,431,93,310,400,45,Block Group 4; Census Tract 8002; Cook County; Illinois,17,031,800200,4,15,Portage Park,170318002004,0.9679715302491103,0.0,0.0,558,0.9571183533447685,0.08284023668639054,171184.0,,,0.21577726218097448,0.9171597633136095,0.1125
857,788,0,0,544,284,69,127,11,304,15,145611.0,,,345,41,289,333,0,Block Group 5; Census Tract 8002; Cook County; Illinois,17,031,800200,5,15,Portage Park,170318002005,0.9194865810968494,0.0,0.0,491,0.9025735294117647,0.049342105263157895,145611.0,,,0.11884057971014493,0.9506578947368421,0.0
1069,1004,65,83,743,246,358,51,26,390,54,250001.0,3501.0,,390,0,336,305,20,Block Group 6; Census Tract 8002; Cook County; Illinois,17,031,800200,6,15,Portage Park,170318002006,0.9391955098222639,0.0608044901777362,0.07764265668849392,681,0.9165545087483177,0.13846153846153847,250001.0,3501.0,,0.0,0.8615384615384616,0.06557377049180328
1267,1176,0,52,693,270,243,51,70,394,51,250001.0,1386.0,,448,54,343,460,11,Block Group 1; Census Tract 8003; Cook County; Illinois,17,031,800300,1,15,Portage Park,170318003001,0.9281767955801105,0.0,0.04104183109707971,634,0.9148629148629148,0.12944162436548223,250001.0,1386.0,,0.12053571428571429,0.8705583756345178,0.02391304347826087
495,485,0,0,374,149,96,52,37,197,0,203346.0,,,222,25,197,99,0,Block Group 2; Census Tract 8003; Cook County; Illinois,17,031,800300,2,15,Portage Park,170318003002,0.9797979797979798,0.0,0.0,334,0.893048128342246,0.0,203346.0,,,0.11261261261261261,1.0,0.0
1541,1322,0,18,1023,381,386,142,18,536,0,250001.0,,,662,126,536,617,35,Block Group 3; Census Tract 8003; Cook County; Illinois,17,031,800300,3,15,Portage Park,170318003003,0.8578844905905256,0.0,0.011680726800778715,927,0.906158357771261,0.0,250001.0,,,0.1903323262839879,1.0,0.05672609400324149
1129,1033,0,0,859,336,328,145,8,437,29,250001.0,,,504,67,408,452,0,Block Group 1; Census Tract 8004; Cook County; Illinois,17,031,800400,1,15,Portage Park,170318004001,0.9149689991142604,0.0,0.0,817,0.9511059371362048,0.06636155606407322,250001.0,,,0.13293650793650794,0.9336384439359268,0.0
1547,1360,0,30,907,297,308,174,49,510,36,250001.0,,,564,54,474,608,18,Block Group 2; Census Tract 8004; Cook County; Illinois,17,031,800400,2,15,Portage Park,170318004002,0.8791208791208791,0.0,0.019392372333548805,828,0.9128996692392503,0.07058823529411765,250001.0,,,0.09574468085106383,0.9294117647058824,0.029605263157894735
1010,889,0,34,562,181,237,33,34,304,50,250001.0,,,369,65,254,394,5,Block Group 3; Census Tract 8004; Cook County; Illinois,17,031,800400,3,15,Portage Park,170318004003,0.8801980198019802,0.0,0.033663366336633666,485,0.8629893238434164,0.16447368421052633,250001.0,,,0.17615176151761516,0.8355263157894737,0.012690355329949238
806,773,0,33,567,197,195,31,28,383,139,102417.0,1535.0,,416,33,244,374,11,Block Group 1; Census Tract 8005; Cook County; Illinois,17,031,800500,1,15,Portage Park,170318005001,0.9590570719602978,0.0,0.04094292803970223,451,0.7954144620811288,0.3629242819843342,102417.0,1535.0,,0.07932692307692307,0.6370757180156658,0.029411764705882353
1047,1045,2,0,579,247,188,121,0,301,28,250001.0,,,318,17,273,372,6,Block Group 2; Census Tract 8005; Cook County; Illinois,17,031,800500,2,15,Portage Park,170318005002,0.9980897803247374,0.0019102196752626551,0.0,556,0.9602763385146805,0.09302325581395349,250001.0,,,0.05345911949685535,0.9069767441860465,0.016129032258064516
1163,1120,0,31,850,348,133,187,11,421,0,250001.0,,,421,0,421,444,0,Block Group 3; Census Tract 8005; Cook County; Illinois,17,031,800500,3,15,Portage Park,170318005003,0.9630266552020637,0.0,0.026655202063628546,679,0.7988235294117647,0.0,250001.0,,,0.0,1.0,0.0
1609,1392,0,20,898,475,213,117,12,444,0,250001.0,,,480,36,444,724,0,Block Group 4; Census Tract 8005; Cook County; Illinois,17,031,800500,4,15,Portage Park,170318005004,0.8651336233685519,0.0,0.012430080795525171,817,0.9097995545657016,0.0,250001.0,,,0.075,1.0,0.0
951,868,0,0,546,199,227,77,0,276,0,250001.0,,,276,0,276,382,0,Block Group 5; Census Tract 8005; Cook County; Illinois,17,031,800500,5,15,Portage Park,170318005005,0.9127234490010515,0.0,0.0,503,0.9212454212454212,0.0,250001.0,,,0.0,1.0,0.0
1369,251,706,640,955,148,65,0,0,420,147,52708.0,874.0,,428,8,273,462,33,Block Group 1; Census Tract 2502; Cook County; Illinois,17,031,250200,1,25,Austin,170312502001,0.183345507669832,0.5157048940832725,0.4674945215485756,213,0.22303664921465968,0.35,52708.0,874.0,,0.018691588785046728,0.65,0.07142857142857142
1682,288,712,967,1045,76,32,0,9,481,259,46635.0,1022.0,,490,9,222,677,26,Block Group 2; Census Tract 2502; Cook County; Illinois,17,031,250200,2,25,Austin,170312502002,0.17122473246135553,0.4233055885850178,0.574910820451843,117,0.11196172248803828,0.5384615384615384,46635.0,1022.0,,0.018367346938775512,0.46153846153846156,0.03840472673559823
1313,310,718,293,909,194,282,33,0,442,90,88889.0,,,461,19,352,745,0,Block Group 1; Census Tract 2503; Cook County; Illinois,17,031,250300,1,25,Austin,170312503001,0.2361005331302361,0.5468392993145469,0.22315308453922314,509,0.55995599559956,0.20361990950226244,88889.0,,,0.04121475054229935,0.7963800904977375,0.0
1394,0,1207,167,675,0,0,0,0,396,234,31250.0,1359.0,,430,34,162,365,33,Block Group 2; Census Tract 2503; Cook County; Illinois,17,031,250300,2,25,Austin,170312503002,0.0,0.8658536585365854,0.11979913916786226,0,0.0,0.5909090909090909,31250.0,1359.0,,0.07906976744186046,0.4090909090909091,0.09041095890410959
1711,132,853,644,1312,80,62,71,0,588,266,63365.0,980.0,,663,75,322,864,96,Block Group 3; Census Tract 2503; Cook County; Illinois,17,031,250300,3,25,Austin,170312503003,0.0771478667445938,0.49853886616014026,0.37638807714786676,213,0.16234756097560976,0.4523809523809524,63365.0,980.0,,0.11312217194570136,0.5476190476190477,0.1111111111111111
426,149,277,149,318,26,0,0,0,178,103,28667.0,790.0,,226,48,75,145,15,Block Group 4; Census Tract 2503; Cook County; Illinois,17,031,250300,4,25,Austin,170312503004,0.34976525821596244,0.6502347417840375,0.34976525821596244,26,0.08176100628930817,0.5786516853932584,28667.0,790.0,,0.21238938053097345,0.42134831460674155,0.10344827586206896
414,110,304,88,198,71,0,0,0,136,61,42045.0,,,168,32,75,43,0,Block Group 1; Census Tract 2504; Cook County; Illinois,17,031,250400,1,25,Austin,170312504001,0.26570048309178745,0.7342995169082126,0.21256038647342995,71,0.35858585858585856,0.4485294117647059,42045.0,,,0.19047619047619047,0.5514705882352942,0.0
1338,485,634,555,806,76,64,0,0,352,185,28750.0,917.0,,352,0,167,319,0,Block Group 2; Census Tract 2504; Cook County; Illinois,17,031,250400,2,25,Austin,170312504002,0.3624813153961136,0.47384155455904337,0.4147982062780269,140,0.17369727047146402,0.5255681818181818,28750.0,917.0,,0.0,0.4744318181818182,0.0
1184,57,1039,145,843,21,22,0,0,544,381,38198.0,1075.0,,600,56,163,489,43,Block Group 3; Census Tract 2504; Cook County; Illinois,17,031,250400,3,25,Austin,170312504003,0.04814189189189189,0.8775337837837838,0.12246621621621621,43,0.051008303677342826,0.7003676470588235,38198.0,1075.0,,0.09333333333333334,0.29963235294117646,0.08793456032719836
1116,0,983,133,770,40,65,0,0,393,178,54364.0,1229.0,,466,73,215,531,0,Block Group 4; Census Tract 2504; Cook County; Illinois,17,031,250400,4,25,Austin,170312504004,0.0,0.8808243727598566,0.11917562724014337,105,0.13636363636363635,0.4529262086513995,54364.0,1229.0,,0.15665236051502146,0.5470737913486005,0.0
1461,98,1200,239,1200,71,0,34,0,605,294,56505.0,1198.0,,694,89,311,686,0,Block Group 5; Census Tract 2504; Cook County; Illinois,17,031,250400,5,25,Austin,170312504005,0.06707734428473648,0.8213552361396304,0.16358658453114305,105,0.0875,0.4859504132231405,56505.0,1198.0,,0.1282420749279539,0.5140495867768595,0.0
831,300,466,227,650,109,116,68,86,360,27,110227.0,,,369,9,333,433,0,Block Group 1; Census Tract 2505; Cook County; Illinois,17,031,250500,1,25,Austin,170312505001,0.36101083032490977,0.5607701564380265,0.273164861612515,379,0.583076923076923,0.075,110227.0,,,0.024390243902439025,0.925,0.0
860,404,328,128,799,273,116,0,0,432,160,39679.0,1626.0,,506,74,272,461,0,Block Group 2; Census Tract 2505; Cook County; Illinois,17,031,250500,2,25,Austin,170312505002,0.4697674418604651,0.3813953488372093,0.14883720930232558,389,0.48685857321652065,0.37037037037037035,39679.0,1626.0,,0.14624505928853754,0.6296296296296297,0.0
914,535,23,337,668,98,243,0,20,415,12,116319.0,,,415,0,403,475,0,Block Group 3; Census Tract 2505; Cook County; Illinois,17,031,250500,3,25,Austin,170312505003,0.5853391684901532,0.02516411378555799,0.3687089715536105,361,0.5404191616766467,0.02891566265060241,116319.0,,,0.0,0.9710843373493976,0.0
1346,265,501,429,851,140,170,0,0,408,33,161288.0,,,448,40,375,511,0,Block Group 4; Census Tract 2505; Cook County; Illinois,17,031,250500,4,25,Austin,170312505004,0.19687964338781574,0.3722139673105498,0.3187221396731055,310,0.36427732079905994,0.08088235294117647,161288.0,,,0.08928571428571429,0.9191176470588235,0.0
1248,793,72,579,883,298,251,20,0,419,20,153320.0,,,431,12,399,866,0,Block Group 5; Census Tract 2505; Cook County; Illinois,17,031,250500,5,25,Austin,170312505005,0.6354166666666666,0.057692307692307696,0.4639423076923077,569,0.6443941109852774,0.0477326968973747,153320.0,,,0.027842227378190254,0.9522673031026253,0.0
695,383,159,126,562,231,57,12,7,394,175,55735.0,1104.0,,427,33,219,341,0,Block Group 6; Census Tract 2505; Cook County; Illinois,17,031,250500,6,25,Austin,170312505006,0.5510791366906475,0.22877697841726619,0.18129496402877698,307,0.5462633451957295,0.44416243654822335,55735.0,1104.0,,0.07728337236533958,0.5558375634517766,0.0
1009,431,108,567,696,112,140,0,64,377,77,149728.0,871.0,,463,86,300,521,0,Block Group 7; Census Tract 2505; Cook County; Illinois,17,031,250500,7,25,Austin,170312505007,0.4271555996035679,0.10703666997026759,0.5619425173439049,316,0.4540229885057471,0.20424403183023873,149728.0,871.0,,0.1857451403887689,0.7957559681697612,0.0
1078,405,259,749,713,17,51,1,9,415,270,43523.0,967.0,,550,135,145,447,0,Block Group 1; Census Tract 5301; Cook County; Illinois,17,031,530100,1,53,West Pullman,170315301001,0.37569573283859,0.24025974025974026,0.6948051948051948,78,0.1093969144460028,0.6506024096385542,43523.0,967.0,,0.24545454545454545,0.3493975903614458,0.0
837,79,560,201,553,89,29,20,0,406,286,28538.0,945.0,,477,71,120,305,0,Block Group 2; Census Tract 5301; Cook County; Illinois,17,031,530100,2,53,West Pullman,170315301002,0.09438470728793309,0.6690561529271206,0.24014336917562723,138,0.24954792043399637,0.7044334975369458,28538.0,945.0,,0.1488469601677149,0.2955665024630542,0.0
523,0,276,247,453,39,0,0,0,199,65,,807.0,,270,71,134,47,0,Block Group 1; Census Tract 5302; Cook County; Illinois,17,031,530200,1,53,West Pullman,170315302001,0.0,0.5277246653919694,0.4722753346080306,39,0.08609271523178808,0.32663316582914576,,807.0,,0.26296296296296295,0.6733668341708543,0.0
323,0,323,0,323,0,0,59,0,110,78,77821.0,2000.0,,195,85,32,120,0,Block Group 2; Census Tract 5302; Cook County; Illinois,17,031,530200,2,53,West Pullman,170315302002,0.0,1.0,0.0,59,0.1826625386996904,0.7090909090909091,77821.0,2000.0,,0.4358974358974359,0.2909090909090909,0.0
107,13,94,0,88,6,0,0,0,55,9,79519.0,,,152,97,46,65,0,Block Group 3; Census Tract 5302; Cook County; Illinois,17,031,530200,3,53,West Pullman,170315302003,0.12149532710280374,0.8785046728971962,0.0,6,0.06818181818181818,0.16363636363636364,79519.0,,,0.6381578947368421,0.8363636363636363,0.0
1566,144,1296,89,1180,234,74,0,0,574,198,,991.0,,692,118,376,390,31,Block Group 4; Census Tract 5302; Cook County; Illinois,17,031,530200,4,53,West Pullman,170315302004,0.09195402298850575,0.8275862068965517,0.05683269476372925,308,0.26101694915254237,0.34494773519163763,,991.0,,0.17052023121387283,0.6550522648083623,0.07948717948717948
1839,0,1588,251,994,80,0,0,0,516,349,35179.0,1440.0,,692,176,167,578,0,Block Group 5; Census Tract 5302; Cook County; Illinois,17,031,530200,5,53,West Pullman,170315302005,0.0,0.8635127786840674,0.13648722131593258,80,0.08048289738430583,0.6763565891472868,35179.0,1440.0,,0.2543352601156069,0.3236434108527132,0.0
670,20,650,0,513,26,52,0,6,343,275,,887.0,,398,55,68,266,0,Block Group 1; Census Tract 5303; Cook County; Illinois,17,031,530300,1,53,West Pullman,170315303001,0.029850746268656716,0.9701492537313433,0.0,84,0.16374269005847952,0.8017492711370262,,887.0,,0.13819095477386933,0.19825072886297376,0.0
515,0,515,0,481,50,99,0,0,293,93,70377.0,,,352,59,200,267,56,Block Group 2; Census Tract 5303; Cook County; Illinois,17,031,530300,2,53,West Pullman,170315303002,0.0,1.0,0.0,149,0.3097713097713098,0.3174061433447099,70377.0,,,0.16761363636363635,0.6825938566552902,0.20973782771535582
887,0,794,0,623,6,65,0,6,406,145,29839.0,,,414,8,261,381,0,Block Group 3; Census Tract 5303; Cook County; Illinois,17,031,530300,3,53,West Pullman,170315303003,0.0,0.895152198421646,0.0,77,0.12359550561797752,0.35714285714285715,29839.0,,,0.01932367149758454,0.6428571428571429,0.0
1412,0,1377,0,839,175,9,0,0,486,110,54139.0,1669.0,,548,62,376,483,0,Block Group 4; Census Tract 5303; Cook County; Illinois,17,031,530300,4,53,West Pullman,170315303004,0.0,0.9752124645892352,0.0,184,0.21930870083432658,0.22633744855967078,54139.0,1669.0,,0.11313868613138686,0.7736625514403292,0.0
2206,1329,56,1774,1381,146,50,0,12,544,154,58033.0,1266.0,,565,21,390,1044,0,Block Group 1; Census Tract 6201; Cook County; Illinois,17,031,620100,1,62,West Elsdon,170316201001,0.6024478694469628,0.025385312783318223,0.8041704442429737,208,0.15061549601737872,0.28308823529411764,58033.0,1266.0,,0.03716814159292035,0.7169117647058824,0.0
1937,639,0,1617,1207,115,96,0,0,422,0,99000.0,,,422,0,422,951,10,Block Group 2; Census Tract 6201; Cook County; Illinois,17,031,620100,2,62,West Elsdon,170316201002,0.329891584925142,0.0,0.8347960764068146,211,0.1748135874067937,0.0,99000.0,,,0.0,1.0,0.010515247108307046
655,201,0,585,428,11,4,0,0,249,60,,1160.0,,249,0,189,235,0,Block Group 3; Census Tract 6201; Cook County; Illinois,17,031,620100,3,62,West Elsdon,170316201003,0.3068702290076336,0.0,0.8931297709923665,15,0.035046728971962614,0.24096385542168675,,1160.0,,0.0,0.7590361445783133,0.0
793,633,0,391,566,123,26,9,0,287,56,67440.0,876.0,,312,25,231,310,0,Block Group 1; Census Tract 6202; Cook County; Illinois,17,031,620200,1,62,West Elsdon,170316202001,0.798234552332913,0.0,0.4930643127364439,158,0.2791519434628975,0.1951219512195122,67440.0,876.0,,0.08012820512820513,0.8048780487804879,0.0
1155,495,0,881,771,70,18,0,0,473,258,49402.0,1149.0,,509,36,215,562,0,Block Group 2; Census Tract 6202; Cook County; Illinois,17,031,620200,2,62,West Elsdon,170316202002,0.42857142857142855,0.0,0.7627705627705628,88,0.11413748378728923,0.5454545454545454,49402.0,1149.0,,0.07072691552062868,0.45454545454545453,0.0
1323,735,0,1050,839,101,18,0,0,369,107,68264.0,917.0,,369,0,262,530,55,Block Group 1; Census Tract 6203; Cook County; Illinois,17,031,620300,1,62,West Elsdon,170316203001,0.5555555555555556,0.0,0.7936507936507936,119,0.14183551847437426,0.2899728997289973,68264.0,917.0,,0.0,0.7100271002710027,0.10377358490566038
1327,542,0,1239,731,35,171,0,0,247,0,134297.0,,,247,0,247,641,42,Block Group 2; Census Tract 6203; Cook County; Illinois,17,031,620300,2,62,West Elsdon,170316203002,0.4084400904295403,0.0,0.9336850037678975,206,0.2818057455540356,0.0,134297.0,,,0.0,1.0,0.0655226209048362
1002,388,0,685,662,294,21,0,0,316,18,66042.0,,,326,10,298,481,38,Block Group 3; Census Tract 6203; Cook County; Illinois,17,031,620300,3,62,West Elsdon,170316203003,0.3872255489021956,0.0,0.6836327345309381,315,0.47583081570996977,0.056962025316455694,66042.0,,,0.03067484662576687,0.9430379746835443,0.079002079002079
978,411,0,893,619,20,19,0,0,294,0,56548.0,,,294,0,294,386,0,Block Group 4; Census Tract 6203; Cook County; Illinois,17,031,620300,4,62,West Elsdon,170316203004,0.42024539877300615,0.0,0.9130879345603272,39,0.0630048465266559,0.0,56548.0,,,0.0,1.0,0.0
795,364,0,510,675,119,158,12,0,279,101,165709.0,1052.0,,301,22,178,472,58,Block Group 5; Census Tract 6203; Cook County; Illinois,17,031,620300,5,62,West Elsdon,170316203005,0.4578616352201258,0.0,0.6415094339622641,289,0.42814814814814817,0.36200716845878134,165709.0,1052.0,,0.07308970099667775,0.6379928315412187,0.1228813559322034
1655,757,37,1364,1164,35,55,48,0,768,415,47696.0,968.0,,802,34,353,623,0,Block Group 6; Census Tract 6203; Cook County; Illinois,17,031,620300,6,62,West Elsdon,170316203006,0.45740181268882174,0.022356495468277945,0.8241691842900302,138,0.11855670103092783,0.5403645833333334,47696.0,968.0,,0.04239401496259352,0.4596354166666667,0.0
1070,597,0,1001,679,40,24,0,0,286,118,53816.0,,,316,30,168,435,0,Block Group 1; Census Tract 6204; Cook County; Illinois,17,031,620400,1,62,West Elsdon,170316204001,0.5579439252336449,0.0,0.9355140186915888,64,0.09425625920471281,0.4125874125874126,53816.0,,,0.0949367088607595,0.5874125874125874,0.0
1485,281,33,1360,937,80,0,0,0,403,111,53705.0,957.0,,403,0,292,589,0,Block Group 2; Census Tract 6204; Cook County; Illinois,17,031,620400,2,62,West Elsdon,170316204002,0.1892255892255892,0.022222222222222223,0.9158249158249159,80,0.08537886872998933,0.27543424317617865,53705.0,957.0,,0.0,0.7245657568238213,0.0
926,224,0,627,754,67,11,0,25,315,16,79492.0,,,331,16,299,429,0,Block Group 3; Census Tract 6204; Cook County; Illinois,17,031,620400,3,62,West Elsdon,170316204003,0.24190064794816415,0.0,0.6771058315334774,103,0.13660477453580902,0.050793650793650794,79492.0,,,0.04833836858006042,0.9492063492063492,0.0
1059,273,3,940,501,56,5,0,0,294,122,28914.0,,,335,41,172,344,0,Block Group 4; Census Tract 6204; Cook County; Illinois,17,031,620400,4,62,West Elsdon,170316204004,0.2577903682719547,0.0028328611898017,0.8876298394711992,61,0.1217564870259481,0.41496598639455784,28914.0,,,0.12238805970149254,0.5850340136054422,0.0
